observation_date,MCOILBRENTEU,monthly_return
2019-01-01,59.41,
2019-02-01,63.96,0.07658643326039405
2019-03-01,66.14,0.03408380237648534
2019-04-01,71.23,0.07695796794677956
2019-05-01,71.32,0.0012635125649302914
2019-06-01,64.22,-0.09955131800336503
2019-07-01,63.92,-0.004671441918405406
2019-08-01,59.04,-0.07634543178973718
2019-09-01,62.83,0.06419376693766932
2019-10-01,59.71,-0.049657806780200486
2019-11-01,63.21,0.05861664712778425
2019-12-01,67.31,0.06486315456415137
2020-01-01,63.65,-0.05437527856187796
2020-02-01,55.66,-0.1255302435192459
2020-03-01,32.01,-0.424901185770751
2020-04-01,18.38,-0.42580443611371444
2020-05-01,29.38,0.5984766050054406
2020-06-01,40.27,0.37066031313818937
2020-07-01,43.24,0.07375217283337476
2020-08-01,44.74,0.034690101757631764
2020-09-01,40.91,-0.08560572194903904
2020-10-01,40.19,-0.017599608897580055
2020-11-01,42.69,0.06220452848967395
2020-12-01,49.99,0.17100023424689637
2021-01-01,54.77,0.095619123824765
2021-02-01,62.28,0.13711886069015877
2021-03-01,65.41,0.05025690430314711
2021-04-01,64.81,-0.009172909341079283
2021-05-01,68.53,0.057398549606542115
2021-06-01,73.16,0.06756165183131468
2021-07-01,75.17,0.027474029524330312
2021-08-01,70.75,-0.05880005321271786
2021-09-01,74.49,0.0528621908127207
2021-10-01,83.54,0.12149281782789645
2021-11-01,81.05,-0.029806080919320244
2021-12-01,74.17,-0.0848858729179518
2022-01-01,86.51,0.1663745449642713
2022-02-01,97.13,0.12276037452317645
2022-03-01,117.25,0.20714506331720384
2022-04-01,104.58,-0.1080597014925373
2022-05-01,113.34,0.08376362593230069
2022-06-01,122.71,0.08267160755249692
2022-07-01,111.93,-0.08784940102681105
2022-08-01,100.45,-0.10256410256410264
2022-09-01,89.76,-0.10642110502737678
2022-10-01,93.33,0.03977272727272729
2022-11-01,91.42,-0.02046501660773592
2022-12-01,80.92,-0.11485451761102605
2023-01-01,82.5,0.01952545724172028
2023-02-01,82.59,0.0010909090909090313
2023-03-01,78.43,-0.050369294103402296
2023-04-01,84.64,0.07917888563049846
2023-05-01,75.47,-0.10834120982986772
2023-06-01,74.84,-0.008347687822975902
2023-07-01,80.11,0.0704168893639765
2023-08-01,86.15,0.07539633004618662
2023-09-01,93.72,0.08786999419616937
2023-10-01,90.6,-0.033290653008962945
2023-11-01,82.94,-0.08454746136865343
2023-12-01,77.63,-0.06402218471183996
2024-01-01,80.12,0.03207522864871848
2024-02-01,83.48,0.04193709435846227
2024-03-01,85.41,0.023119310014374506
2024-04-01,89.94,0.05303828591499826
2024-05-01,81.75,-0.091060707138092
2024-06-01,82.25,0.006116207951070374
2024-07-01,85.15,0.035258358662614064
2024-08-01,80.36,-0.056253669994128064
2024-09-01,74.02,-0.07889497262319567
2024-10-01,75.63,0.02175087814104293
2024-11-01,74.35,-0.0169245008594473
2024-12-01,73.86,-0.006590450571620665
2025-01-01,79.27,0.07324668291362024
2025-02-01,75.44,-0.04831588242714768
2025-03-01,72.73,-0.03592258748674437
2025-04-01,68.13,-0.06324762821394214
2025-05-01,64.45,-0.05401438426537486
2025-06-01,71.44,0.10845616757176102
2025-07-01,71.04,-0.005599104143336975
2025-08-01,67.87,-0.04462274774774777
2025-09-01,67.99,0.0017680860468540782
2025-10-01,64.54,-0.050742756287689206
2025-11-01,63.8,-0.011465757669662402
2025-12-01,62.54,-0.019749216300940398
2026-01-01,66.6,0.06491845219059789
2026-02-01,70.89,0.06441441441441453
2026-03-01,103.13,0.4547891098885597
2026-04-01,117.29,0.13730243382139062
2026-05-01,107.14,-0.08653764174268908
2026-06-01,85.4,-0.2029120776554041
2026-07-01,83.76,-0.01920374707259953
2026-08-01,91.08,0.08739255014326641
